,path
0,https://www.zu.ac.ae/main/en/admission/undergraduate-programs/faqs
1,https://www.zu.ac.ae/main/en/admission/undergraduate-programs/apply
2,https://www.zu.ac.ae/main/en/admission/undergraduate-programs/inquiry-form
3,https://www.zu.ac.ae/main/en/admission/undergraduate-programs/index
4,https://www.zu.ac.ae/main/en/admission/undergraduate-programs/admission-requirement/index
5,https://eservices.zu.ac.ae/main/Services/Servicecard/Undergraduate/ONCE-Program
6,https://eservices.zu.ac.ae/main/Services/Servicecard/Graduate/Issue-an-Academic-Transcript-
7,https://www.zu.ac.ae/main/en/admission/undergraduate-programs/admission-requirement/re-admission
8,https://www.zu.ac.ae/main/en/admission/undergraduate-programs/_hidden/_apply/apply
9,https://www.zu.ac.ae/main/en/admission/undergraduate-programs/_hidden/index-UndergraduateStudies-old
10,https://www.zu.ac.ae/main/en/admission/undergraduate-programs/_hidden/_apply/how-to-apply
11,https://www.zu.ac.ae/main/en/admission/undergraduate-programs/admission-requirement/important-links
12,https://www.zu.ac.ae/main/en/admission/undergraduate-programs/_hidden/emsat
13,https://www.zu.ac.ae/main/en/admission/undergraduate-programs/_hidden/dates
14,https://www.zu.ac.ae/main/en/admission/undergraduate-programs/_hidden/how-to-apply
15,https://eservices.zu.ac.ae/main/Services/Servicecard/Graduate/Student-Data-Modification-
16,https://www.zu.ac.ae/main/files/contents/news/NewUndergraduate/New_Undergraduate_S.jpg
17,https://eservices.zu.ac.ae/main/Services/Servicecard/Graduate/Student-Course-Registration-
18,https://eservices.zu.ac.ae/main/Services/Servicecard/Graduate/Issue-an-Academic-Transcript---Digital-PDF
19,https://www.zu.ac.ae/main/en/student-careers/Graduate-Employment-Support
20,https://www.zu.ac.ae/main/en/admission/undergraduate-programs/_hidden/index-side-menu
21,https://www.zu.ac.ae/main/en/colleges/colleges/__college_of_arts_and_creative_enterprises/_undergraduate_programs/semester_plan
22,https://www.zu.ac.ae/main/en/explore_zu/student_data/retention_graduation
23,https://www.zu.ac.ae/main/files/contents/assessment_resource/support_docs/Undergraduate_Annual_assessment_report_template.docx
24,https://www.zu.ac.ae/main/en/student-careers/ONCE
25,https://eservices.zu.ac.ae/main/Services/Servicecard/Graduate/Issue-Graduation-Degree-Certificate--Digital-PDF
26,https://eservices.zu.ac.ae/main/Services/Servicecard/Graduate/Application-for-Graduate-Program-Admission
27,https://www.zu.ac.ae/main/files/contents/student_careers/Graduates.png
28,https://eservices.zu.ac.ae/main/Services/Servicecard/Graduate/Master-Students---Academic-Official-Transcript
29,https://www.zu.ac.ae/main/en/GSD/_graduate-degree-programs/study-plans
30,https://www.zu.ac.ae/main/en/GSD/graduate-programs/programs-college
31,https://www.zu.ac.ae/main/files/contents/explore_zu/student_data/ZU_History_of_Undergraduate_Degree_completers.pdf
32,https://www.zu.ac.ae/main/en/admission/undergraduate-programs/_hidden/international-students
33,https://www.zu.ac.ae/main/files/contents/assessment_resource/charts/ZU_History_of_Undergraduate_Degree_completers.pdf
34,https://www.zu.ac.ae/main/en/OGS-OpenDay/graduate-studies-najah-enquiry
35,https://www.zu.ac.ae/main/en/colleges/colleges/__college_of_technological_innovation/undergraduate_programs/_Minors/min_is
36,https://www.zu.ac.ae/main/files/contents/graduate_Programs/app_form.gif
37,https://www.zu.ac.ae/main/en/colleges/colleges/__college_of_technological_innovation/undergraduate_programs/_Majors/it_mmd
38,https://www.zu.ac.ae/main/en/colleges/colleges/__college_of_humanities_and_social_sciences/Undergraduate_Programs/BAINS
39,https://www.zu.ac.ae/main/en/student-careers/FAQ
40,https://www.zu.ac.ae/main/en/student-careers/index
41,https://www.zu.ac.ae/main/en/student_orientation/orientation
42,https://www.zu.ac.ae/main/en/student-careers/CALS
43,https://www.zu.ac.ae/main/en/GSD/_graduate-degree-programs/cti-msit
44,https://www.zu.ac.ae/main/en/admission/undergraduate-programs/_hidden/campus-tour
45,https://www.zu.ac.ae/main/en/colleges/colleges/__college_of_technological_innovation/undergraduate_programs/_Majors/it_sys_mgmt
46,https://www.zu.ac.ae/main/en/GSD/_graduate-degree-programs/cti-msism
47,https://www.zu.ac.ae/main/en/colleges/colleges/__college_of_technological_innovation/undergraduate_programs/_Majors/it_enterprise
48,https://www.zu.ac.ae/main/en/colleges/colleges/__college_of_technological_innovation/undergraduate_programs/_Majors/_it_sec_net
49,https://www.zu.ac.ae/main/en/colleges/colleges/__college_of_comm_media_sciences/undergraduate-programs/minor
50,https://www.zu.ac.ae/main/en/colleges/colleges/__college_of_technological_innovation/undergraduate_programs/_Majors/it_sec_net
51,https://www.zu.ac.ae/main/en/GSD/_graduate-degree-programs/chss-majs
52,https://www.zu.ac.ae/main/en/colleges/colleges/__college_of_technological_innovation/undergraduate_programs/index
53,https://www.zu.ac.ae/main/en/colleges/colleges/__college_of_comm_media_sciences/undergraduate-programs/ccms-general-education-program
54,https://www.zu.ac.ae/main/en/GSD/graduate-student-council/index
55,https://www.zu.ac.ae/main/en/graduation2022/index
56,https://www.zu.ac.ae/main/en/student-housing/faqs
57,https://www.zu.ac.ae/main/en/GSD/_graduate-degree-programs/cob-msfin
58,https://www.zu.ac.ae/main/en/colleges/colleges/__college_of_arts_and_creative_enterprises/new_students
59,https://www.zu.ac.ae/main/en/student-careers/contact
60,https://eservices.zu.ac.ae/main/Services/Servicecard/Graduate/Resource-Scheduler
61,https://www.zu.ac.ae/main/en/GSD/_graduate-degree-programs/schedule-a-visit
62,https://www.zu.ac.ae/main/en/student_affairs/_EXTLINKS/old_index
63,https://www.zu.ac.ae/main/en/colleges/colleges/__college_of_technological_innovation/undergraduate_programs/_Minors/min_soc
64,https://www.zu.ac.ae/main/en/student-support/services
65,https://www.zu.ac.ae/main/files/contents/student_careers/Graduate_Job.pdf
66,https://www.zu.ac.ae/main/en/student_orientation/outcomes
67,https://www.zu.ac.ae/main/en/graduation2022/faqs
68,https://www.zu.ac.ae/main/ar/colleges/colleges/__college_of_education/College_Graduate_Programs/Graduate_Programs
69,https://www.zu.ac.ae/main/files/contents/student_careers/ONCEen.png
70,https://eservices.zu.ac.ae/main/Services/Servicecard/Postgraduate/Master-Students---Graduate-Student-Handbook-
71,https://www.zu.ac.ae/main/en/GSD/_graduate-degree-programs/chss-mdia
72,https://www.zu.ac.ae/main/files/contents/student_careers/ONCEar.png
73,https://www.zu.ac.ae/main/en/colleges/colleges/__college_of_technological_innovation/undergraduate_programs/_Majors/it_tech_ed
74,https://www.zu.ac.ae/main/en/student_affairs/index
75,https://www.zu.ac.ae/main/en/GSD/graduate-student-council/graduate-student-council-members
76,https://www.zu.ac.ae/main/en/student_affairs/Academic_Integrity/index
77,https://www.zu.ac.ae/main/en/OGS-OpenDay/graduate-studies-virtual-open-day
78,https://eservices.zu.ac.ae/main/Services/Servicecard/Graduate/Issue-a-Graduation-Degree-Certificate-as-a-replacement
79,https://www.zu.ac.ae/main/en/GSD/graduate-programs/cti-home
80,https://www.zu.ac.ae/main/en/GSD/_graduate-degree-programs/payment-plans
81,https://www.zu.ac.ae/main/en/colleges/colleges/__college_of_comm_media_sciences/undergraduate-programs/bs-integrated-strategic-communications
82,https://eservices.zu.ac.ae/main/Services/Servicecard/Graduate/Admission-for-International-Students
83,https://www.zu.ac.ae/main/en/colleges/colleges/__college_of_arts_and_creative_enterprises/_graduate_programs/college_graduate_programs
84,https://www.zu.ac.ae/main/files/contents/alumni/docs/graduation_faq.pdf
85,https://www.zu.ac.ae/main/en/colleges/colleges/__college_of_humanities_and_social_sciences/Graduate_Programs/MAJS
86,https://www.zu.ac.ae/main/en/student-support/Service-Time
87,https://www.zu.ac.ae/main/en/student-housing/index
88,https://www.zu.ac.ae/main/en/student-careers/Internship
89,https://www.zu.ac.ae/main/en/student_affairs/_EXTLINKS/index
90,https://www.zu.ac.ae/main/en/student_orientation/welcome
91,https://www.zu.ac.ae/main/en/GSD/graduate-programs/chss-home
92,https://www.zu.ac.ae/main/en/colleges/colleges/__college_of_comm_media_sciences/undergraduate-programs/index
93,https://www.zu.ac.ae/main/en/international-student-affairs/International-Students-Residence/imp-req
94,https://www.zu.ac.ae/main/en/GSD/_graduate-degree-programs/ccms-mac
95,https://www.zu.ac.ae/main/en/GSD/graduate-programs/ccms-home
96,https://www.zu.ac.ae/main/en/student_affairs/Academic_Integrity/Contact_us
97,https://www.zu.ac.ae/main/en/colleges/colleges/__college_of_arts_and_creative_enterprises/existing_students/index
98,https://www.zu.ac.ae/main/files/contents/student_careers/intership_thum04.png
99,https://www.zu.ac.ae/main/en/CPDO/campuses/dxb-academic-campus
100,https://www.zu.ac.ae/main/en/GSD/_graduate-degree-programs/coe-home-gs
101,https://www.zu.ac.ae/main/en/student-careers/Employer-Engagement
102,https://www.zu.ac.ae/main/en/GSD/graduate-programs/cob-home
103,https://www.zu.ac.ae/main/files/contents/graduate_Programs/regis.jpg
104,https://www.zu.ac.ae/main/en/student-housing/contact
105,https://www.zu.ac.ae/main/en/international-student-affairs/International-Students-Residence/index
106,https://www.zu.ac.ae/main/en/IEEE/register-now-students
107,https://www.zu.ac.ae/main/en/colleges/colleges/__college_of_humanities_and_social_sciences/Graduate_Programs/MDIA
108,https://www.zu.ac.ae/main/files/contents/alumni/graduation_clearanceform.pdf
109,https://www.zu.ac.ae/main/en/colleges/colleges/__college_of_business/undergraduate_programs/_curricunet/undergrad
110,https://www.zu.ac.ae/main/en/international-student-affairs/International-Students-Residence/hse
111,https://www.zu.ac.ae/main/files/contents/studentaffairs/instgram.png
112,https://eservices.zu.ac.ae/main/Services/Servicecard/Graduate/Issue--To-Whom-It-May-Concern--Certificate--Study-Continuation-
113,https://eservices.zu.ac.ae/main/Services/Servicecard/Graduate/Master-Students---Defer-Admission---English-Version-
114,https://eservices.zu.ac.ae/main/Services/Servicecard/Graduate/Master-Students---Course-Self-Registration---English-Version
115,https://eservices.zu.ac.ae/main/Services/Servicecard/Graduate/Issue-a-Graduate-Confirmation-Letter---Digital-
116,https://eservices.zu.ac.ae/main/Services/Servicecard/Graduate/Provide-Technical-Services
117,https://eservices.zu.ac.ae/main/Services/Servicecard/Graduate/Master-Students---Letter-of-Examination-Leave
118,https://www.zu.ac.ae/main/en/student_orientation/honour_code
119,https://www.zu.ac.ae/main/en/colleges/colleges/__college_of_comm_media_sciences/undergraduate-programs/cost
120,https://www.zu.ac.ae/main/en/alumni/_hidden/graduate_updates/index
121,https://www.zu.ac.ae/main/en/student-housing/International-Students-Residence/imp-req
122,https://www.zu.ac.ae/main/en/graduation2016/instructions
123,https://eservices.zu.ac.ae/main/Services/Servicecard/Graduate/Master-Students---Replacement-Official-Diploma---English-version
124,https://www.zu.ac.ae/main/files/contents/studentaffairs/OSS/stages/awarded_ar.png
125,https://www.zu.ac.ae/main/en/international-student-affairs/International-Students-Residence/contact
126,https://www.zu.ac.ae/main/en/graduation2022/_live-coverage/coe-graduation
127,https://www.zu.ac.ae/main/en/research/for_students/graduate_research/about_page
128,https://www.zu.ac.ae/main/files/contents/studentaffairs/OSS/stages/elig.png
129,https://www.zu.ac.ae/main/en/graduation2022/_live-coverage/cace-graduation
130,https://www.zu.ac.ae/main/en/student-support/Services-for-nationals/services
131,https://www.zu.ac.ae/main/en/student_orientation/mission
132,https://eservices.zu.ac.ae/main/Services/Servicecard/Graduate/Student-Counselling-Center
133,https://www.zu.ac.ae/main/en/alumni/_hidden/graduate_updates/may_altaei
134,https://www.zu.ac.ae/main/en/admission/current-students/index
135,https://www.zu.ac.ae/main/files/contents/studentaffairs/OSS/SFAA/q1.png
136,https://www.zu.ac.ae/main/files/contents/graduate_Programs/gs_images/app_form.gif
137,https://www.zu.ac.ae/main/en/student-leadership-office/index
138,https://www.zu.ac.ae/main/files/contents/studentaffairs/OSS/stages/elig_ar.png
139,https://www.zu.ac.ae/main/en/colleges/colleges/__college_of_humanities_and_social_sciences/_link/student_activities
140,https://www.zu.ac.ae/main/en/student-housing/International-Students-Residence/hse
141,https://www.zu.ac.ae/main/files/contents/studentaffairs/Student_Activites/ND/ND6_B.jpg
142,https://www.zu.ac.ae/main/en/graduation2022/graduation-booklet
143,https://www.zu.ac.ae/main/files/contents/graduate_Programs/ext_links/Tutor_Trac.doc
144,https://www.zu.ac.ae/main/en/AAB/_hidden/community/graduate-alumni
145,https://www.zu.ac.ae/main/en/admission/undergraduate-programs/admission-requirement/_uae-nationals/transfer-diploma-students
146,https://www.zu.ac.ae/main/files/contents/studentaffairs/OSS/stages/awarded.png
147,https://www.zu.ac.ae/main/files/contents/studentaffairs/Student_Activites/ND42AUHFE.png
148,https://www.zu.ac.ae/main/files/contents/studentaffairs/HMHCFiles/Untitled-1.jpg
149,https://www.zu.ac.ae/main/files/contents/alumni/docs/graduation2011_notes.pdf
150,https://www.zu.ac.ae/main/en/graduation2016/location_map
151,https://www.zu.ac.ae/main/en/graduation2022/_live-coverage/ccms-graduation
152,https://www.zu.ac.ae/main/en/student-housing/International-Students-Residence/index
153,https://www.zu.ac.ae/main/files/contents/studentaffairs/Student_Activites/ND/ND1_B.jpg
154,https://www.zu.ac.ae/main/en/international-student-affairs/index
155,https://www.zu.ac.ae/main/ar/colleges/colleges/__college_of_humanities_and_social_sciences/_link/student_activities
156,https://www.zu.ac.ae/main/files/contents/studentaffairs/Student_Activites/ND42AUHMale.png
157,https://www.zu.ac.ae/main/files/contents/studentaffairs/OSS/SFAA/QA/q1.png
158,https://www.zu.ac.ae/main/en/student-support/faqs
159,https://www.zu.ac.ae/main/en/international-student-affairs/International-Students-Residence/moving-instructions
160,https://www.zu.ac.ae/main/files/contents/studentaffairs/Student_Activites/ND/ND4_B.jpg
161,https://www.zu.ac.ae/main/en/colleges/colleges/__college_of_humanities_and_social_sciences/Student-Support
162,https://www.zu.ac.ae/main/en/student_affairs/Academic_Integrity/code_of_conduct
163,https://www.zu.ac.ae/main/files/contents/studentaffairs/Student_Activites/ND/ND5_B.jpg
164,https://www.zu.ac.ae/main/en/international-student-affairs/International-Students-Residence/fac-high
165,https://www.zu.ac.ae/main/files/contents/studentaffairs/OSS/stages/board.png
166,https://www.zu.ac.ae/main/en/admission/undergraduate-programs/_hidden/scholarships
167,https://www.zu.ac.ae/main/en/GSD/new-admitted-students
168,https://eservices.zu.ac.ae/main/Services/Servicecard/Graduate/Issue--To-Whom-It-May-Concern--Certificate--Study-Continuation----Digital-PDF
169,https://www.zu.ac.ae/main/files/contents/studentaffairs/Student_Activites/ND/ND3_B.jpg
170,https://www.zu.ac.ae/main/ar/colleges/colleges/__college_of_humanities_and_social_sciences/Student-Support
171,https://www.zu.ac.ae/main/en/student-support/if-eligible
172,https://www.zu.ac.ae/main/en/international-student-affairs/_ISP-pages/introduction
173,https://www.zu.ac.ae/main/files/contents/assessment_resource/charts/ZU_History_of_Undergraduate_Degree_completers_March2015.pdf
174,https://www.zu.ac.ae/main/en/colleges/colleges/__college_of_arts_and_creative_enterprises/_hidden_pages/_graduation_requirement
175,https://www.zu.ac.ae/main/files/contents/studentaffairs/Student_Activites/ZUC/ZUC6_B.jpg
176,https://www.zu.ac.ae/main/files/contents/graduate_Programs/convo_speeches.jpg
177,https://www.zu.ac.ae/main/files/contents/studentaffairs/Student_Activites/ZUC/ZUC1_B.jpg
178,https://www.zu.ac.ae/main/en/alumni/_hidden/graduate_updates/ayesha_alsaadi
179,https://www.zu.ac.ae/main/en/colleges/colleges/__college_of_humanities_and_social_sciences/internships
180,https://www.zu.ac.ae/main/en/graduation2022/_live-coverage/chss-graduation
181,https://www.zu.ac.ae/main/en/student-support/Services-for-nationals/conditions
182,https://www.zu.ac.ae/main/files/contents/studentaffairs/Student_Activites/ND/ND6_T.jpg
183,https://www.zu.ac.ae/main/files/contents/studentaffairs/Student_Activites/ZUC/ZUC4_B.jpg
184,https://www.zu.ac.ae/main/files/contents/studentaffairs/Student_Activites/ND/ND2_B.jpg
185,https://www.zu.ac.ae/main/en/colleges/colleges/__college_of_comm_media_sciences/current-students/internships
186,https://www.zu.ac.ae/main/files/contents/studentaffairs/Student_Activites/ZUC/ZUC7_B.jpg
187,https://www.zu.ac.ae/main/en/international-student-affairs/_ISP-pages/apply
188,https://www.zu.ac.ae/main/files/contents/studentaffairs/Student_Activites/ZUC/ZUC8_B.jpg
189,https://www.zu.ac.ae/main/files/contents/studentaffairs/Student_Activites/ND/ND1_T.jpg
190,https://www.zu.ac.ae/main/en/graduation2022/_live-coverage/cti-graduation
191,https://www.zu.ac.ae/main/en/graduation2022/_live-coverage/cob-graduation
192,https://www.zu.ac.ae/main/en/explore_zu/student_data/academic_bridge_program
193,https://www.zu.ac.ae/main/en/student-support/vision-and-mission
194,https://www.zu.ac.ae/main/files/contents/studentaffairs/OSS/stages/sprting.png
195,https://www.zu.ac.ae/main/en/colleges/colleges/__college_of_technological_innovation/existing_students/index
196,https://www.zu.ac.ae/main/en/colleges/colleges/__college_of_arts_and_creative_enterprises/Academic_programs/ID
197,https://www.zu.ac.ae/main/files/contents/studentaffairs/Student_Activites/ND/ND4_T.jpg
198,https://www.zu.ac.ae/main/en/international-student-affairs/_ISP-pages/programs-offered
199,https://www.zu.ac.ae/main/ar/colleges/colleges/__college_of_humanities_and_social_sciences/internships
200,https://www.zu.ac.ae/main/files/contents/studentaffairs/OSS/stages/SFAAlogo.png
201,https://www.zu.ac.ae/main/en/student_affairs/Academic_Integrity/honor_code
202,https://www.zu.ac.ae/main/files/contents/studentaffairs/Student_Activites/ZUC/ZUC5_B.jpg
203,https://www.zu.ac.ae/main/en/admission/current-students/guidelines
204,https://www.zu.ac.ae/main/files/contents/assessment_resource/support_docs/Graduate_Annual_Assessment_Plan_Template.docx
205,https://www.zu.ac.ae/main/en/student-support/Services-for-nationals/documents
206,https://www.zu.ac.ae/main/files/contents/studentaffairs/Student_Activites/ZUC/ZUC3_B.jpg
207,https://www.zu.ac.ae/main/en/graduation2022/_live-coverage/cnhs-graduation
208,https://www.zu.ac.ae/main/en/international-student-affairs/_ISP-pages/International-Students
209,https://www.zu.ac.ae/main/files/contents/studentaffairs/Student_Activites/ND/ND5_T.jpg
210,https://www.zu.ac.ae/main/en/student-housing/International-Students-Residence/fac-high
211,https://www.zu.ac.ae/main/en/DHDC2018/AcademicCommittee
212,https://www.zu.ac.ae/main/en/admission/undergraduate-programs/admission-requirement/_international-students/scholarships
213,https://www.zu.ac.ae/main/files/contents/studentaffairs/Student_Activites/ND/ND3_T.jpg
214,https://www.zu.ac.ae/main/en/colleges/colleges/__college_of_arts_and_creative_enterprises/Academic_programs/MMD
215,https://www.zu.ac.ae/main/en/admission/undergraduate-programs/admission-requirement/_international-students/tuition-fees
216,https://eservices.zu.ac.ae/main/Services/Servicecard/Graduate/Mentoring-Tool-
217,https://www.zu.ac.ae/main/files/contents/graduate_Programs/gs_images/chet.jpg
218,https://www.zu.ac.ae/main/en/GSD/graduate-programs/programs-A-Z
219,https://www.zu.ac.ae/main/en/international-student-affairs/_ISP-pages/admission-requirements
220,https://www.zu.ac.ae/main/en/css/academic_support
221,https://www.zu.ac.ae/main/en/student_affairs/_images/Special_needs
222,https://eservices.zu.ac.ae/main/Services/Servicecard/Graduate/Zayed-University-Virtual-Bridge-
223,https://www.zu.ac.ae/main/files/contents/hr/students.jpg
224,https://www.zu.ac.ae/main/en/international-student-affairs/_ISP-pages/faqs
225,https://www.zu.ac.ae/main/en/colleges/colleges/__college_of_arts_and_creative_enterprises/_course_descriptions/bachelor-of-Fine-Arts-in-Visual-Arts
226,https://www.zu.ac.ae/main/en/student-support/Contact_us
227,https://www.zu.ac.ae/main/files/contents/studentaffairs/Student_Activites/ZUC/ZUC6_T.jpg
228,https://www.zu.ac.ae/main/en/colleges/colleges/__college_of_humanities_and_social_sciences/_course_descriptions/bachelor-of-Arts-in-International-Studies
229,https://www.zu.ac.ae/main/en/student-support/_unpublished/services
230,https://www.zu.ac.ae/main/files/contents/graduate_Programs/gs_images/register.jpg
231,https://www.zu.ac.ae/main/en/international-student-affairs/International-Students-Residence/charges-conditions
232,https://www.zu.ac.ae/main/en/student-housing/International-Students-Residence/moving-instructions
233,https://www.zu.ac.ae/main/files/contents/studentaffairs/Student_Activites/ZUC/ZUC2_B.jpg
234,https://www.zu.ac.ae/main/files/contents/studentaffairs/Student_Activites/ND/ND2_T.jpg
235,https://www.zu.ac.ae/main/files/contents/assessment_resource/charts/__MACOSX/._ZU_History_of_Undergraduate_Degree_completers.pdf
236,https://www.zu.ac.ae/main/files/contents/studentaffairs/Student_Activites/ZUC/ZUC1_T.jpg
237,https://www.zu.ac.ae/main/en/colleges/colleges/__college_of_business/undergraduate_programs/_curricunet/grad
238,https://www.zu.ac.ae/main/files/contents/university_college/Faculty_Evaluation/HR-FAC-01Policy.pdf
239,https://www.zu.ac.ae/main/en/colleges/colleges/__college_of_humanities_and_social_sciences/_link/dxb_internship
240,https://www.zu.ac.ae/main/files/contents/CHSS/IMAGES/majs_student_and_graduate_forum.png
241,https://www.zu.ac.ae/main/en/student_orientation/student_handbook
242,https://www.zu.ac.ae/main/files/contents/studentaffairs/Student_Activites/ZUC/ZUC4_T.jpg
243,https://www.zu.ac.ae/main/en/student-leadership-office/Contact_Us
244,https://www.zu.ac.ae/main/en/graduation2022/_live-coverage/gsd-graduation
245,https://eservices.zu.ac.ae/main/Services/Servicecard/Graduate/Business-Card--e-form
246,https://www.zu.ac.ae/main/files/contents/studentaffairs/Student_Activites/ZUC/ZUC7_T.jpg
247,https://www.zu.ac.ae/main/en/colleges/colleges/__college_of_humanities_and_social_sciences/_link/Teaching_overview
248,https://www.zu.ac.ae/main/en/alumni/_hidden/graduate_updates/lolowa_almarzouqi
249,https://www.zu.ac.ae/main/en/explore_zu/student_data/index
250,https://www.zu.ac.ae/main/en/student-support/_unpublished/servicesv2
251,https://www.zu.ac.ae/main/files/contents/studentaffairs/Student_Activites/National_Day/ND42Male.png
252,https://www.zu.ac.ae/main/en/alumni/Services
253,https://www.zu.ac.ae/main/files/contents/studentaffairs/Student_Activites/ZUC/ZUC8_T.jpg
254,https://www.zu.ac.ae/main/ar/colleges/colleges/__college_of_humanities_and_social_sciences/_link/dxb_internship
255,https://www.zu.ac.ae/main/en/colleges/colleges/__college_of_humanities_and_social_sciences/_course_descriptions/minor-in-Middle-East-and-GCC-Studies
256,https://eservices.zu.ac.ae/main/Services/Servicecard/Graduate/Issue-a-Certificate-of-Attestation---Digital-PDF
257,https://www.zu.ac.ae/main/files/contents/studentaffairs/Student_Activites/ZUC/ZUC5_T.jpg
258,https://www.zu.ac.ae/main/files/contents/university_college/Publications/Gallacher2006b.pdf
259,https://www.zu.ac.ae/main/files/contents/studentaffairs/Student_Activites/National_Day/ND42Female.png
260,https://www.zu.ac.ae/main/files/contents/university_college/Publications/Gallacher2006a.pdf
261,https://www.zu.ac.ae/main/files/contents/studentaffairs/Spring.pdf
262,https://www.zu.ac.ae/main/files/contents/studentaffairs/Student_Activites/ZUC/ZUEC2014Program.jpg
263,https://www.zu.ac.ae/main/en/colleges/colleges/__college_of_arts_and_creative_enterprises/Academic_programs/GD
264,https://www.zu.ac.ae/main/files/contents/studentaffairs/Student_Activites/ZUC/ZUC3_T.jpg
265,https://www.zu.ac.ae/main/en/international-student-affairs/_ISP-pages/contact-us
266,https://www.zu.ac.ae/main/ar/colleges/colleges/__college_of_humanities_and_social_sciences/departments/dept_is
267,https://www.zu.ac.ae/main/en/css/academic_advising
268,https://www.zu.ac.ae/main/en/student-leadership-office/student-centers
269,https://www.zu.ac.ae/main/en/css/_old-site/academic_success_prog
270,https://www.zu.ac.ae/main/files/contents/studentaffairs/Student_Activites/ZUC2013Brochure.pdf
271,https://www.zu.ac.ae/main/ar/colleges/colleges/__college_of_humanities_and_social_sciences/_link/Teaching_overview
272,https://www.zu.ac.ae/main/en/colleges/colleges/__college_of_humanities_and_social_sciences/_link/auh_internship
273,https://www.zu.ac.ae/main/en/international-student-affairs/_images/eligibility
274,https://www.zu.ac.ae/main/en/colleges/colleges/__college_of_business/undergraduate_programs/_curricunet/details
275,https://www.zu.ac.ae/main/files/contents/university_college/Publications/Gallacher2007b.pdf
276,https://www.zu.ac.ae/main/en/SCO_services/alumni_ID
277,https://www.zu.ac.ae/main/en/graduation2017/male-and-master
278,https://www.zu.ac.ae/main/files/contents/university_college/Publications/Gallacher2007a.pdf
279,https://www.zu.ac.ae/main/files/contents/enrollment/Forms/Diploma-student-application.pdf
280,https://www.zu.ac.ae/main/en/student_orientation/_outdated/index
281,https://www.zu.ac.ae/main/en/research/for_students/index
282,https://www.zu.ac.ae/main/files/contents/explore_zu/student_data/Retention_and_Graduation_Rates_2016.pdf
283,https://www.zu.ac.ae/main/files/contents/alumni/images/wherearethey.png/enrollment_sign.png
